{
  "raw_faithfulness": 0.5238095238095238,
  "corrected_faithfulness": 0.5238095238095238,
  "alpha": 1.0,
  "p": 1.0,
  "q": 0.0
}