{
  "raw_faithfulness": 0.2112676056338028,
  "corrected_faithfulness": 0.2112676056338028,
  "alpha": 1.0,
  "p": 1.0,
  "q": 0.0
}