{
  "raw_faithfulness": 0.16901408450704225,
  "corrected_faithfulness": 0.16901408450704225,
  "alpha": 1.0,
  "p": 1.0,
  "q": 0.0
}