{
  "raw_faithfulness": 0.2535211267605634,
  "corrected_faithfulness": 0.2535211267605634,
  "alpha": 1.0,
  "p": 1.0,
  "q": 0.0
}