{
  "raw_faithfulness": 0.5584415584415584,
  "corrected_faithfulness": 0.5584415584415584,
  "alpha": 1.0,
  "p": 1.0,
  "q": 0.0
}